Subject,Session,SessionRS
sub-A00008326,ses-V2,ses-DS2
sub-A00010893,ses-V2,ses-DS2
sub-A00013809,ses-V2,ses-DS2
sub-A00019903,ses-V2,ses-DS2
sub-A00023510,ses-V2,ses-DS2
sub-A00025566,ses-V2,ses-DS2
sub-A00027167,ses-V2,ses-DS2
sub-A00027439,ses-V2,ses-DS2
sub-A00027443,ses-V2,ses-DS2
sub-A00027544,ses-V2,ses-DS2
sub-A00027651,ses-V2,ses-DS2
sub-A00028150,ses-V2,ses-DS2
sub-A00028152,ses-V2,ses-DS2
sub-A00028177,ses-V2,ses-DS2
sub-A00028184,ses-V2,ses-DS2
sub-A00028192,ses-V2,ses-DS2
sub-A00028246,ses-V2,ses-DS2
sub-A00028339,ses-V2,ses-DS2
sub-A00028389,ses-V2,ses-DS2
sub-A00028399,ses-V2,ses-DS2
sub-A00028400,ses-V2,ses-DS2
sub-A00028429,ses-V2,ses-DS2
sub-A00028468,ses-V2,ses-DS2
sub-A00028552,ses-V2,ses-DS2
sub-A00028605,ses-V2,ses-DS2
sub-A00028606,ses-V2,ses-DS2
sub-A00028613,ses-V2,ses-DS2
sub-A00028625,ses-V2,ses-DS2
sub-A00028656,ses-V2,ses-DS2
sub-A00028678,ses-V2,ses-DS2
sub-A00028691,ses-V2,ses-DS2
sub-A00028694,ses-V2,ses-DS2
sub-A00028753,ses-V2,ses-DS2
sub-A00028754,ses-V2,ses-DS2
sub-A00028766,ses-V2,ses-DS2
sub-A00028784,ses-V2,ses-DS2
sub-A00028822,ses-V2,ses-DS2
sub-A00028842,ses-V2,ses-DS2
sub-A00028844,ses-V2,ses-DS2
sub-A00028845,ses-V2,ses-DS2
sub-A00028858,ses-V2,ses-DS2
sub-A00028912,ses-V2,ses-DS2
sub-A00028929,ses-V2,ses-DS2
sub-A00028994,ses-V2,ses-DS2
sub-A00028995,ses-V2,ses-DS2
sub-A00029075,ses-V2,ses-DS2
sub-A00029076,ses-V2,ses-DS2
sub-A00029092,ses-V2,ses-DS2
sub-A00029104,ses-V2,ses-DS2
sub-A00029126,ses-V2,ses-DS2
sub-A00029127,ses-V2,ses-DS2
sub-A00029215,ses-V2,ses-DS2
sub-A00029219,ses-V2,ses-DS2
sub-A00029230,ses-V2,ses-DS2
sub-A00029231,ses-V2,ses-DS2
sub-A00029303,ses-V2,ses-DS2
sub-A00029304,ses-V2,ses-DS2
sub-A00029979,ses-V2,ses-DS2
sub-A00030912,ses-V2,ses-DS2
sub-A00030913,ses-V2,ses-DS2
sub-A00030980,ses-V2,ses-DS2
sub-A00030981,ses-V2,ses-DS2
sub-A00030990,ses-V2,ses-DS2
sub-A00031167,ses-V2,ses-DS2
sub-A00031216,ses-V2,ses-DS2
sub-A00031217,ses-V2,ses-DS2
sub-A00031219,ses-V2,ses-DS2
sub-A00031272,ses-V2,ses-DS2
sub-A00031452,ses-V2,ses-DS2
sub-A00031459,ses-V2,ses-DS2
sub-A00031549,ses-V2,ses-DS2
sub-A00031604,ses-V2,ses-DS2
sub-A00031605,ses-V2,ses-DS2
sub-A00031625,ses-V2,ses-DS2
sub-A00031683,ses-V2,ses-DS2
sub-A00031794,ses-V2,ses-DS2
sub-A00031871,ses-V2,ses-DS2
sub-A00031872,ses-V2,ses-DS2
sub-A00031881,ses-V2,ses-DS2
sub-A00031893,ses-V2,ses-DS2
sub-A00031894,ses-V2,ses-DS2
sub-A00032007,ses-V2,ses-DS2
sub-A00032862,ses-V2,ses-DS2
sub-A00032876,ses-V2,ses-DS2
sub-A00033011,ses-V2,ses-DS2
sub-A00033021,ses-V2,ses-DS2
sub-A00033180,ses-V2,ses-DS2
sub-A00033231,ses-V2,ses-DS2
sub-A00033232,ses-V2,ses-DS2
sub-A00033247,ses-V2,ses-DS2
sub-A00033248,ses-V2,ses-DS2
sub-A00033589,ses-V2,ses-DS2
sub-A00033609,ses-V2,ses-DS2
sub-A00033640,ses-V2,ses-DS2
sub-A00033643,ses-V2,ses-DS2
sub-A00033647,ses-V2,ses-DS2
sub-A00033673,ses-V2,ses-DS2
sub-A00033714,ses-V2,ses-DS2
sub-A00033734,ses-V2,ses-DS2
sub-A00033735,ses-V2,ses-DS2
sub-A00033748,ses-V2,ses-DS2
sub-A00033752,ses-V2,ses-DS2
sub-A00033764,ses-V2,ses-DS2
sub-A00033832,ses-V2,ses-DS2
sub-A00033834,ses-V2,ses-DS2
sub-A00033849,ses-V2,ses-DS2
sub-A00033903,ses-V2,ses-DS2
sub-A00033963,ses-V2,ses-DS2
sub-A00033998,ses-V2,ses-DS2
sub-A00034073,ses-V2,ses-DS2
sub-A00034074,ses-V2,ses-DS2
sub-A00034093,ses-V2,ses-DS2
sub-A00034385,ses-V2,ses-DS2
sub-A00034400,ses-V2,ses-DS2
sub-A00034827,ses-V2,ses-DS2
sub-A00034987,ses-V2,ses-DS2
sub-A00035036,ses-V2,ses-DS2
sub-A00035054,ses-V2,ses-DS2
sub-A00035291,ses-V2,ses-DS2
sub-A00035337,ses-V2,ses-DS2
sub-A00035363,ses-V2,ses-DS2
sub-A00035364,ses-V2,ses-DS2
sub-A00035377,ses-V2,ses-DS2
sub-A00035378,ses-V2,ses-DS2
sub-A00035437,ses-V2,ses-DS2
sub-A00035440,ses-V2,ses-DS2
sub-A00035504,ses-V2,ses-DS2
sub-A00035535,ses-V2,ses-DS2
sub-A00035553,ses-V2,ses-DS2
sub-A00035562,ses-V2,ses-DS2
sub-A00035606,ses-V2,ses-DS2
sub-A00035608,ses-V2,ses-DS2
sub-A00035625,ses-V2,ses-DS2
sub-A00035633,ses-V2,ses-DS2
sub-A00035765,ses-V2,ses-DS2
sub-A00035798,ses-V2,ses-DS2
sub-A00035869,ses-V2,ses-DS2
sub-A00035879,ses-V2,ses-DS2
sub-A00035881,ses-V2,ses-DS2
sub-A00035926,ses-V2,ses-DS2
sub-A00035940,ses-V2,ses-DS2
sub-A00035941,ses-V2,ses-DS2
sub-A00035943,ses-V2,ses-DS2
sub-A00035945,ses-V2,ses-DS2
sub-A00035951,ses-V2,ses-DS2
sub-A00035960,ses-V2,ses-DS2
sub-A00037110,ses-V2,ses-DS2
sub-A00037111,ses-V2,ses-DS2
sub-A00037126,ses-VA,ses-CLGA
sub-A00037229,ses-VA_ALG,ses-ALGA
sub-A00037266,ses-V2,ses-DS2
sub-A00037267,ses-V2,ses-DS2
sub-A00037368,ses-V2,ses-DS2
sub-A00037377,ses-V2,ses-DS2
sub-A00037378,ses-V2,ses-DS2
sub-A00037387,ses-V2,ses-DS2
sub-A00037396,ses-V2,ses-DS2
sub-A00037439,ses-V2,ses-DS2
sub-A00037445,ses-V2,ses-DS2
sub-A00037458,ses-V2,ses-DS2
sub-A00037459,ses-V2,ses-DS2
sub-A00037476,ses-V2,ses-DS2
sub-A00037492,ses-V2,ses-DS2
sub-A00037510,ses-V2,ses-DS2
sub-A00037522,ses-V2,ses-DS2
sub-A00037531,ses-V2,ses-DS2
sub-A00037545,ses-V2,ses-DS2
sub-A00037582,ses-V2,ses-DS2
sub-A00037588,ses-V2,ses-DS2
sub-A00037589,ses-V2,ses-DS2
sub-A00037635,ses-V2,ses-DS2
sub-A00037646,ses-V2,ses-DS2
sub-A00037647,ses-V2,ses-DS2
sub-A00037725,ses-V2,ses-DS2
sub-A00037726,ses-V2,ses-DS2
sub-A00037767,ses-V2,ses-DS2
sub-A00037768,ses-V2,ses-DS2
sub-A00037783,ses-V2,ses-DS2
sub-A00037784,ses-V2,ses-DS2
sub-A00037817,ses-V2,ses-DS2
sub-A00037818,ses-V2,ses-DS2
sub-A00037831,ses-V2,ses-DS2
sub-A00037866,ses-V2,ses-DS2
sub-A00037877,ses-V2,ses-DS2
sub-A00038115,ses-V2,ses-DS2
sub-A00038158,ses-V2,ses-DS2
sub-A00038159,ses-V2,ses-DS2
sub-A00038189,ses-V2,ses-DS2
sub-A00038285,ses-V2,ses-DS2
sub-A00038411,ses-V2,ses-DS2
sub-A00038414,ses-V2,ses-DS2
sub-A00038424,ses-V2,ses-DS2
sub-A00038519,ses-V2,ses-DS2
sub-A00038520,ses-V2,ses-DS2
sub-A00038522,ses-V2,ses-DS2
sub-A00038605,ses-V2,ses-DS2
sub-A00038616,ses-V2,ses-DS2
sub-A00038623,ses-V2,ses-DS2
sub-A00038706,ses-V2,ses-DS2
sub-A00038718,ses-V2,ses-DS2
sub-A00038731,ses-V2,ses-DS2
sub-A00038805,ses-V2,ses-DS2
sub-A00038817,ses-V2,ses-DS2
sub-A00038831,ses-V2,ses-DS2
sub-A00038832,ses-V2,ses-DS2
sub-A00038957,ses-V2,ses-DS2
sub-A00038959,ses-V2,ses-DS2
sub-A00039040,ses-V2,ses-DS2
sub-A00039041,ses-V2,ses-DS2
sub-A00039074,ses-V2,ses-DS2
sub-A00039075,ses-V2,ses-DS2
sub-A00039083,ses-V2,ses-DS2
sub-A00039084,ses-V2,ses-DS2
sub-A00039118,ses-V2,ses-DS2
sub-A00039143,ses-V2,ses-DS2
sub-A00039159,ses-V2,ses-DS2
sub-A00039168,ses-V2,ses-DS2
sub-A00039218,ses-V2,ses-DS2
sub-A00039249,ses-V2,ses-DS2
sub-A00039257,ses-V2,ses-DS2
sub-A00039276,ses-V2,ses-DS2
sub-A00039331,ses-V2,ses-DS2
sub-A00039353,ses-V2,ses-DS2
sub-A00039393,ses-V2,ses-DS2
sub-A00039432,ses-V2,ses-DS2
sub-A00039461,ses-V2,ses-DS2
sub-A00039463,ses-V2,ses-DS2
sub-A00039488,ses-V2,ses-DS2
sub-A00039490,ses-V2,ses-DS2
sub-A00039559,ses-V2,ses-DS2
sub-A00039560,ses-V2,ses-DS2
sub-A00039593,ses-V2,ses-DS2
sub-A00039635,ses-V2,ses-DS2
sub-A00039636,ses-V2,ses-DS2
sub-A00039639,ses-V2,ses-DS2
sub-A00039640,ses-V2,ses-DS2
sub-A00039655,ses-V2,ses-DS2
sub-A00039669,ses-V2,ses-DS2
sub-A00039685,ses-V2,ses-DS2
sub-A00039686,ses-V2,ses-DS2
sub-A00039699,ses-V2,ses-DS2
sub-A00039700,ses-V2,ses-DS2
sub-A00039755,ses-V2,ses-DS2
sub-A00039758,ses-V2,ses-DS2
sub-A00039783,ses-V2,ses-DS2
sub-A00039819,ses-V2,ses-DS2
sub-A00039820,ses-V2,ses-DS2
sub-A00039845,ses-V2,ses-DS2
sub-A00039846,ses-V2,ses-DS2
sub-A00039866,ses-V2,ses-DS2
sub-A00039895,ses-V2,ses-DS2
sub-A00039916,ses-V2,ses-DS2
sub-A00039923,ses-V2,ses-DS2
sub-A00039943,ses-V2,ses-CLG5
sub-A00039951,ses-V2,ses-DS2
sub-A00039975,ses-V2,ses-ALGA
sub-A00040116,ses-V2,ses-DS2
sub-A00040151,ses-V2,ses-DS2
sub-A00040152,ses-V2,ses-DS2
sub-A00040174,ses-V2,ses-DS2
sub-A00040181,ses-V2,ses-DS2
sub-A00040182,ses-V2,ses-DS2
sub-A00040225,ses-V2,ses-ALGA
sub-A00040248,ses-V2,ses-DS2
sub-A00040257,ses-V2,ses-DS2
sub-A00040285,ses-V2,ses-DS2
sub-A00040286,ses-V2,ses-DS2
sub-A00040311,ses-V2,ses-DS2
sub-A00040312,ses-V2,ses-DS2
sub-A00040324,ses-V2,ses-DS2
sub-A00040342,ses-V2,ses-DS2
sub-A00040343,ses-V2,ses-DS2
sub-A00040351,ses-V2,ses-DS2
sub-A00040382,ses-V2,ses-DS2
sub-A00040383,ses-V2,ses-DS2
sub-A00040439,ses-V2,ses-DS2
sub-A00040461,ses-V2,ses-DS2
sub-A00040493,ses-V2,ses-DS2
sub-A00040494,ses-V2,ses-DS2
sub-A00040500,ses-V2,ses-DS2
sub-A00040517,ses-V2,ses-DS2
sub-A00040525,ses-V2,ses-DS2
sub-A00040567,ses-V2,ses-DS2
sub-A00040573,ses-V2,ses-DS2
sub-A00040580,ses-V2,ses-DS2
sub-A00040594,ses-V2,ses-DS2
sub-A00040599,ses-V2,ses-DS2
sub-A00040629,ses-V2,ses-DS2
sub-A00040678,ses-V2,ses-DS2
sub-A00040740,ses-V2,ses-DS2
sub-A00040741,ses-V2,ses-DS2
sub-A00040757,ses-V2,ses-DS2
sub-A00040784,ses-V2,ses-DS2
sub-A00040800,ses-V2,ses-CLG2
sub-A00040806,ses-V2,ses-DS2
sub-A00040827,ses-V2,ses-DS2
sub-A00041540,ses-V2,ses-DS2
sub-A00043240,ses-V2,ses-DS2
sub-A00043282,ses-V2,ses-DS2
sub-A00043283,ses-V2,ses-DS2
sub-A00043324,ses-V2,ses-DS2
sub-A00043325,ses-V2,ses-DS2
sub-A00043384,ses-V2,ses-DS2
sub-A00043417,ses-V2,ses-DS2
sub-A00043450,ses-V2,ses-DS2
sub-A00043462,ses-V2,ses-DS2
sub-A00043466,ses-V2,ses-DS2
sub-A00043509,ses-V2,ses-DS2
sub-A00043520,ses-V2,ses-DS2
sub-A00043617,ses-V2,ses-DS2
sub-A00043634,ses-V2,ses-DS2
sub-A00043635,ses-V2,ses-DS2
sub-A00043649,ses-V2,ses-DS2
sub-A00043739,ses-V2,ses-DS2
sub-A00043740,ses-V2,ses-CLG2
sub-A00043758,ses-V2,ses-DS2
sub-A00043762,ses-V2,ses-DS2
sub-A00043788,ses-V2,ses-CLG2
sub-A00043790,ses-V2,ses-DS2
sub-A00044011,ses-V2,ses-DS2
sub-A00044012,ses-V2,ses-DS2
sub-A00044068,ses-V2,ses-DS2
sub-A00044084,ses-V2,ses-DS2
sub-A00044130,ses-V2,ses-DS2
sub-A00044131,ses-V2,ses-DS2
sub-A00044154,ses-V2,ses-DS2
sub-A00044171,ses-V2,ses-DS2
sub-A00044291,ses-V2,ses-DS2
sub-A00044307,ses-V2,ses-DS2
sub-A00044344,ses-V2,ses-DS2
sub-A00044345,ses-V2,ses-DS2
sub-A00044369,ses-V2,ses-DS2
sub-A00044370,ses-V2,ses-DS2
sub-A00044405,ses-V2,ses-DS2
sub-A00044408,ses-V2,ses-DS2
sub-A00044410,ses-V2,ses-DS2
sub-A00044427,ses-V2,ses-DS2
sub-A00045554,ses-V2,ses-DS2
sub-A00045589,ses-V2,ses-DS2
sub-A00050679,ses-V2,ses-DS2
sub-A00050720,ses-V2,ses-DS2
sub-A00050721,ses-V2,ses-DS2
sub-A00050742,ses-V2,ses-DS2
sub-A00050743,ses-V2,ses-CLG2
sub-A00050795,ses-V2,ses-DS2
sub-A00050848,ses-V2,ses-CLG2
sub-A00050977,ses-V2,ses-DS2
sub-A00050998,ses-V2,ses-DS2
sub-A00051063,ses-V2,ses-DS2
sub-A00051456,ses-V2,ses-DS2
sub-A00051457,ses-V2,ses-DS2
sub-A00051477,ses-V2,ses-DS2
sub-A00051513,ses-V2,ses-DS2
sub-A00051514,ses-V2,ses-DS2
sub-A00051517,ses-V2,ses-DS2
sub-A00051529,ses-V2,ses-DS2
sub-A00051604,ses-V2,ses-DS2
sub-A00051638,ses-V2,ses-DS2
sub-A00051658,ses-V2,ses-DS2
sub-A00051678,ses-V2,ses-DS2
sub-A00051679,ses-V2,ses-DS2
sub-A00051690,ses-V2,ses-DS2
sub-A00051726,ses-V2,ses-DS2
sub-A00051727,ses-V2,ses-CLG2
sub-A00051758,ses-V2,ses-DS2
sub-A00051774,ses-V2,ses-DS2
sub-A00051796,ses-V2,ses-DS2
sub-A00051835,ses-V2,ses-DS2
sub-A00051882,ses-V2,ses-ALGA
sub-A00051925,ses-V2,ses-DS2
sub-A00052070,ses-V2,ses-DS2
sub-A00052118,ses-V2,ses-DS2
sub-A00052126,ses-V2,ses-DS2
sub-A00052180,ses-V2,ses-DS2
sub-A00052182,ses-V2,ses-CLG5
sub-A00052183,ses-V2,ses-CLG2
sub-A00052197,ses-V2,ses-DS2
sub-A00052214,ses-V2,ses-DS2
sub-A00052234,ses-V2,ses-DS2
sub-A00052235,ses-V2,ses-NFB2
sub-A00052237,ses-V2,ses-CLG2
sub-A00052307,ses-V2,ses-DS2
sub-A00052319,ses-V2,ses-DS2
sub-A00052461,ses-V2,ses-CLG2
sub-A00052499,ses-V2,ses-DS2
sub-A00052502,ses-V2,ses-DS2
sub-A00052577,ses-V2,ses-DS2
sub-A00052613,ses-V2,ses-DS2
sub-A00052614,ses-V2,ses-DS2
sub-A00052639,ses-V2,ses-DS2
sub-A00053202,ses-V2,ses-DS2
sub-A00053369,ses-V2,ses-DS2
sub-A00053390,ses-V2,ses-CLG2
sub-A00053456,ses-V2,ses-DS2
sub-A00053474,ses-V2,ses-DS2
sub-A00053490,ses-V2,ses-CLG2
sub-A00053546,ses-V2,ses-DS2
sub-A00053576,ses-V2,ses-DS2
sub-A00053577,ses-V2,ses-DS2
sub-A00053578,ses-V2,ses-DS2
sub-A00053625,ses-V2,ses-DS2
sub-A00053626,ses-V2,ses-DS2
sub-A00053627,ses-V2,ses-DS2
sub-A00053744,ses-V2,ses-CLG2
sub-A00053854,ses-V2,ses-NFB2
sub-A00053874,ses-V2,ses-DS2
sub-A00053901,ses-V2,ses-DS2
sub-A00053927,ses-V2,ses-DS2
sub-A00053949,ses-V2,ses-DS2
sub-A00054038,ses-V2,ses-DS2
sub-A00054153,ses-V2,ses-DS2
sub-A00054173,ses-V2,ses-DS2
sub-A00054206,ses-V2,ses-CLG2
sub-A00054358,ses-V2,ses-DS2
sub-A00054482,ses-V2,ses-DS2
sub-A00054532,ses-V2,ses-DS2
sub-A00054533,ses-V2,ses-DS2
sub-A00054534,ses-V2,ses-DS2
sub-A00054621,ses-V2,ses-DS2
sub-A00054895,ses-V2,ses-ALGA
sub-A00054897,ses-V2,ses-DS2
sub-A00054913,ses-V2,ses-DS2
sub-A00054929,ses-V2,ses-DS2
sub-A00055061,ses-V2,ses-DS2
sub-A00055116,ses-V2,ses-DS2
sub-A00055122,ses-V2,ses-CLG2
sub-A00055215,ses-V2,ses-DS2
sub-A00055267,ses-V2,ses-CLG2
sub-A00055332,ses-V2,ses-DS2
sub-A00055352,ses-V2,ses-DS2
sub-A00055462,ses-V2,ses-CLG2
sub-A00055692,ses-V2,ses-DS2
sub-A00055867,ses-V2,ses-CLG2
sub-A00055906,ses-V2,ses-DS2
sub-A00055962,ses-V2,ses-DS2
sub-A00055991,ses-V2,ses-CLG2
sub-A00056099,ses-VA_ALG,ses-ALGA
sub-A00056138,ses-V2,ses-CLG2
sub-A00056295,ses-V2,ses-CLG2
sub-A00056372,ses-V2,ses-DS2
sub-A00056453,ses-V2,ses-DS2
sub-A00056470,ses-V2,ses-CLG2
sub-A00056489,ses-V2,ses-DS2
sub-A00056605,ses-V2,ses-CLG2
sub-A00056628,ses-V2,ses-DS2
sub-A00056703,ses-V2,ses-DS2
sub-A00056898,ses-V2,ses-NFB2
sub-A00056919,ses-V2,ses-DS2
sub-A00057183,ses-V2,ses-NFB2
sub-A00057203,ses-V2,ses-NFB2
sub-A00057405,ses-V2,ses-CLG2
sub-A00057406,ses-V2,ses-NFB2
sub-A00057445,ses-V2,ses-DS2
sub-A00058053,ses-V2,ses-CLG2
sub-A00058229,ses-V2,ses-CLG2
sub-A00058318,ses-V2,ses-DS2
sub-A00058436,ses-V2,ses-DS2
sub-A00058515,ses-V2,ses-NFB2
sub-A00058537,ses-V2,ses-CLG2
sub-A00058621,ses-V2,ses-NFB2
sub-A00058644,ses-V2,ses-DS2
sub-A00058685,ses-V2,ses-CLG2
sub-A00058998,ses-V2,ses-DS2
sub-A00059074,ses-V2,ses-NFB2
sub-A00059107,ses-V2,ses-DS2
sub-A00059325,ses-V2,ses-DS2
sub-A00059361,ses-V2,ses-DS2
sub-A00059527,ses-V2,ses-NFB2
sub-A00059663,ses-V2,ses-DS2
sub-A00059664,ses-V2,ses-DS2
sub-A00059865,ses-V2,ses-CLG2
sub-A00059935,ses-V2,ses-DS2
sub-A00059990,ses-VA,ses-DSA
sub-A00060005,ses-VA,ses-DSA
sub-A00060170,ses-V2,ses-DS2
sub-A00060184,ses-V2,ses-DS2
sub-A00060252,ses-V2,ses-DS2
sub-A00060264,ses-VA_ALG,ses-ALGA
sub-A00060280,ses-V2,ses-CLG2
sub-A00060301,ses-V2,ses-DS2
sub-A00060302,ses-V2,ses-NFB2
sub-A00060306,ses-V2,ses-DS2
sub-A00060384,ses-V2,ses-CLG2
sub-A00060431,ses-V2,ses-DS2
sub-A00060472,ses-V2,ses-CLG2
sub-A00060503,ses-V2,ses-CLG2
sub-A00060575,ses-V2,ses-DS2
sub-A00060602,ses-V2,ses-DS2
sub-A00060630,ses-V2,ses-DS2
sub-A00060664,ses-V2,ses-DS2
sub-A00060806,ses-V2,ses-CLG2
sub-A00060846,ses-V2,ses-DS2
sub-A00060923,ses-V2,ses-DS2
sub-A00061021,ses-V2,ses-DS2
sub-A00061203,ses-VA,ses-DSA
sub-A00061210,ses-VA,ses-DSA
sub-A00061274,ses-VA,ses-DSA
sub-A00061275,ses-VA,ses-DSA
sub-A00061281,ses-VA,ses-DSA
sub-A00061284,ses-VA,ses-DSA
sub-A00061298,ses-VA,ses-CLGA
sub-A00061483,ses-VA,ses-DSA
sub-A00061485,ses-VA,ses-DSA
sub-A00061597,ses-VA,ses-DSA
sub-A00061598,ses-VA,ses-DSA
sub-A00061600,ses-VA,ses-DSA
sub-A00061634,ses-VA,ses-DSA
sub-A00061647,ses-VA,ses-DSA
sub-A00061656,ses-VA,ses-DSA
sub-A00061666,ses-VA,ses-DSA
sub-A00061714,ses-VA,ses-CLGA
sub-A00061715,ses-VA,ses-DSA
sub-A00061725,ses-VA,ses-DSA
sub-A00061728,ses-VA,ses-DSA
sub-A00061749,ses-VA,ses-CLGA
sub-A00061767,ses-VA,ses-DSA
sub-A00061787,ses-VA,ses-DSA
sub-A00061790,ses-VA,ses-DSA
sub-A00061881,ses-VA,ses-DSA
sub-A00061882,ses-VA,ses-NFBA
sub-A00061883,ses-VA,ses-CLGA
sub-A00061923,ses-VA,ses-CLGA
sub-A00061962,ses-VA,ses-DSA
sub-A00062081,ses-VA,ses-CLGA
sub-A00062144,ses-VA,ses-DSA
sub-A00062255,ses-VA,ses-DSA
sub-A00062268,ses-VA,ses-DSA
sub-A00062285,ses-VA,ses-DSA
sub-A00062292,ses-VA,ses-DSA
sub-A00062368,ses-VA,ses-DSA
sub-A00062369,ses-VA,ses-CLGA
sub-A00062411,ses-VA,ses-DSA
sub-A00062416,ses-VA,ses-DSA
sub-A00062809,ses-VA,ses-DSA
sub-A00062923,ses-VA,ses-DSA
sub-A00062926,ses-VA,ses-DSA
sub-A00062928,ses-VA,ses-DSA
sub-A00062929,ses-VA,ses-DSA
sub-A00062982,ses-VA,ses-DSA
sub-A00062983,ses-VA,ses-DSA
sub-A00062989,ses-VA,ses-DSA
sub-A00063000,ses-VA,ses-DSA
sub-A00063003,ses-VA,ses-DSA
sub-A00063031,ses-VA,ses-DSA
sub-A00063110,ses-VA,ses-DSA
sub-A00063329,ses-VA,ses-CLGA
sub-A00063383,ses-VA,ses-CLGA
sub-A00063424,ses-VA,ses-DSA
sub-A00063425,ses-VA,ses-DSA
sub-A00063450,ses-VA,ses-DSA
sub-A00063455,ses-VA,ses-DSA
sub-A00063458,ses-VA,ses-DSA
sub-A00063470,ses-VA,ses-DSA
sub-A00063473,ses-VA,ses-DSA
sub-A00063479,ses-VA,ses-DSA
sub-A00063481,ses-VA,ses-DSA
sub-A00064053,ses-VA,ses-DSA
sub-A00064058,ses-VA,ses-DSA
sub-A00064061,ses-VA,ses-DSA
sub-A00064323,ses-VA,ses-DSA
sub-A00064328,ses-VA,ses-DSA
sub-A00064415,ses-VA,ses-DSA
sub-A00064416,ses-VA,ses-DSA
sub-A00064503,ses-VA,ses-CLGA
sub-A00064505,ses-VA,ses-CLGA
sub-A00064596,ses-VA,ses-CLGA
sub-A00065197,ses-VA,ses-DSA
sub-A00065262,ses-VA,ses-CLGA
sub-A00065263,ses-VA,ses-DSA
sub-A00065302,ses-VA,ses-DSA
sub-A00065478,ses-VA,ses-DSA
sub-A00065565,ses-VA,ses-DSA
sub-A00065572,ses-VA,ses-DSA
sub-A00065717,ses-VA,ses-DSA
sub-A00065722,ses-VA,ses-DSA
sub-A00065749,ses-VA,ses-DSA
sub-A00065802,ses-VA,ses-DSA
sub-A00065865,ses-VA,ses-DSA
sub-A00065873,ses-VA,ses-DSA
sub-A00065934,ses-VA,ses-CLGA
sub-A00065941,ses-VA,ses-CLGA
sub-A00065975,ses-VA,ses-CLGA
sub-A00065978,ses-VA,ses-CLGA
sub-A00066013,ses-VA_ALG,ses-ALGA
sub-A00066132,ses-VA_ALG,ses-ALGA
sub-A00066237,ses-VA_ALG,ses-ALGA
sub-A00066245,ses-VA_ALG,ses-ALGA
sub-A00066302,ses-VA,ses-DSA
sub-A00066314,ses-VA,ses-CLGA
sub-A00066396,ses-VA,ses-DSA
sub-A00066419,ses-VA_ALG,ses-ALGA
sub-A00066460,ses-VA,ses-DSA
sub-A00066539,ses-VA,ses-DSA
sub-A00066572,ses-VA,ses-CLGA
sub-A00066581,ses-VA,ses-CLGA
sub-A00066582,ses-VA,ses-CLGA
sub-A00066584,ses-VA,ses-DSA
sub-A00066589,ses-VA,ses-CLGA
sub-A00066782,ses-VA_ALG,ses-ALGA
sub-A00066784,ses-VA,ses-CLGA
sub-A00066788,ses-VA_ALG,ses-ALGA
sub-A00066800,ses-VA,ses-DSA
sub-A00066820,ses-VA,ses-DSA
sub-A00066831,ses-VA,ses-DSA
sub-A00066864,ses-VA_ALG,ses-ALGA
sub-A00066871,ses-VA_ALG,ses-ALGA
sub-A00067062,ses-VA_ALG,ses-ALGA
sub-A00067174,ses-VA_ALG,ses-ALGA
sub-A00073230,ses-VA_ALG,ses-ALGA
sub-A00073283,ses-VA_ALG,ses-ALGA
sub-A00073296,ses-VA,ses-DSA
sub-A00073308,ses-VA,ses-DSA
sub-A00073525,ses-VA_ALG,ses-ALGA
sub-A00073529,ses-VA_ALG,ses-ALGA
sub-A00073539,ses-VA_ALG,ses-ALGA
sub-A00073611,ses-VA_ALG,ses-ALGA
sub-A00073705,ses-VA,ses-DSA
sub-A00073940,ses-VA_ALG,ses-ALGA
sub-A00073942,ses-VA_ALG,ses-ALGA
sub-A00073953,ses-VA_ALG,ses-ALGA
sub-A00074047,ses-VA_ALG,ses-ALGA
sub-A00074095,ses-VA_ALG,ses-ALGA
sub-A00074113,ses-VA_ALG,ses-ALGA
sub-A00074114,ses-VA_ALG,ses-ALGA
sub-A00074425,ses-VA,ses-NFBA
sub-A00074427,ses-VA,ses-CLGA
sub-A00074439,ses-VA_ALG,ses-ALGA
sub-A00074641,ses-VA_ALG,ses-ALGA
sub-A00074768,ses-VA_ALG,ses-ALGA
sub-A00074794,ses-VA_ALG,ses-ALGA
sub-A00074800,ses-VA_ALG,ses-ALGA
sub-A00074808,ses-VA_ALG,ses-ALGA
sub-A00074959,ses-VA_ALG,ses-ALGA
sub-A00074969,ses-VA_ALG,ses-ALGA
sub-A00074977,ses-VA_ALG,ses-ALGA
sub-A00074985,ses-VA_ALG,ses-ALGA
sub-A00075151,ses-VA,ses-CLGA
sub-A00075156,ses-VA,ses-NFBA
sub-A00075193,ses-VA,ses-DSA
sub-A00075229,ses-VA_ALG,ses-ALGA
sub-A00075267,ses-VA_ALG,ses-ALGA
sub-A00075269,ses-VA_ALG,ses-ALGA
sub-A00075369,ses-VA_ALG,ses-ALGA
sub-A00075372,ses-VA,ses-CLGA
sub-A00075377,ses-VA,ses-CLGA
sub-A00075407,ses-VA_ALG,ses-ALGA
sub-A00075412,ses-VA,ses-NFBA
sub-A00075432,ses-VA,ses-DSA
sub-A00075651,ses-VA_ALG,ses-ALGA
sub-A00075653,ses-VA_ALG,ses-ALGA
sub-A00075660,ses-VA,ses-NFBA
sub-A00075678,ses-VA_ALG,ses-ALGA
sub-A00075721,ses-VA,ses-NFBA
sub-A00075732,ses-VA,ses-CLGA
sub-A00075735,ses-VA_ALG,ses-ALGA
sub-A00075737,ses-VA,ses-CLGA
sub-A00075738,ses-VA,ses-CLGA
sub-A00075741,ses-VA_ALG,ses-ALGA
sub-A00075744,ses-VA,ses-CLGA
sub-A00075757,ses-VA_ALG,ses-ALGA
sub-A00075806,ses-VA_ALG,ses-ALGA
sub-A00075895,ses-VA_ALG,ses-ALGA
sub-A00075896,ses-VA,ses-NFBA
sub-A00075898,ses-VA_ALG,ses-ALGA
sub-A00076381,ses-VA_ALG,ses-ALGA
sub-A00076546,ses-VA_ALG,ses-ALGA
sub-A00076559,ses-VA_ALG,ses-ALGA
sub-A00076586,ses-VA_ALG,ses-ALGA
sub-A00076594,ses-VA_ALG,ses-ALGA
sub-A00076595,ses-VA,ses-CLGA
sub-A00076600,ses-VA_ALG,ses-ALGA
sub-A00076744,ses-VA_ALG,ses-ALGA
sub-A00076746,ses-VA_ALG,ses-ALGA
sub-A00076751,ses-VA_ALG,ses-ALGA
sub-A00076755,ses-VA,ses-CLGA
sub-A00076757,ses-VA_ALG,ses-ALGA
sub-A00076759,ses-VA,ses-CLGA
sub-A00076764,ses-VA_ALG,ses-ALGA
sub-A00076775,ses-VA_ALG,ses-ALGA
sub-A00076798,ses-VA_ALG,ses-ALGA
sub-A00076863,ses-VA_ALG,ses-ALGA
sub-A00077088,ses-VA_ALG,ses-ALGA
sub-A00077091,ses-VA_ALG,ses-ALGA
sub-A00077095,ses-VA_ALG,ses-ALGA
sub-A00077099,ses-VA_ALG,ses-ALGA
sub-A00077134,ses-VA_ALG,ses-ALGA
sub-A00077144,ses-VA_ALG,ses-ALGA
sub-A00077181,ses-VA_ALG,ses-ALGA
sub-A00077184,ses-VA_ALG,ses-ALGA
sub-A00077188,ses-VA_ALG,ses-ALGA
sub-A00077199,ses-VA,ses-CLGA
sub-A00077201,ses-VA,ses-CLGA
sub-A00077203,ses-VA,ses-CLGA
sub-A00077252,ses-VA_ALG,ses-ALGA
sub-A00077304,ses-VA_ALG,ses-ALGA
sub-A00077311,ses-VA_ALG,ses-ALGA
sub-A00077391,ses-VA_ALG,ses-ALGA
sub-A00077395,ses-VA,ses-CLGA
sub-A00077413,ses-VA_ALG,ses-ALGA
sub-A00077528,ses-VA_ALG,ses-ALGA
sub-A00077556,ses-VA_ALG,ses-ALGA
sub-A00077574,ses-VA,ses-CLGA
sub-A00077585,ses-VA_ALG,ses-ALGA
sub-A00077622,ses-VA_ALG,ses-ALGA
sub-A00077668,ses-VA,ses-CLGA
sub-A00077755,ses-VA,ses-CLGA
sub-A00077758,ses-VA,ses-NFBA
sub-A00078262,ses-VA_ALG,ses-ALGA
sub-A00079292,ses-VA_ALG,ses-ALGA
sub-A00079301,ses-VA_ALG,ses-ALGA
sub-A00079302,ses-VA_ALG,ses-ALGA
sub-A00079337,ses-VA,ses-CLGA
sub-A00079422,ses-VA_ALG,ses-ALGA
sub-A00079715,ses-VA_ALG,ses-ALGA
sub-A00079730,ses-VA_ALG,ses-ALGA
sub-A00079776,ses-VA,ses-CLGA
sub-A00079907,ses-VA,ses-NFBA
sub-A00079977,ses-VA_ALG,ses-ALGA
sub-A00080428,ses-VA_ALG,ses-ALGA
sub-A00080535,ses-VA_ALG,ses-ALGA
sub-A00080811,ses-VA_ALG,ses-ALGA
sub-A00080819,ses-VA_ALG,ses-ALGA
sub-A00080901,ses-VA_ALG,ses-ALGA
sub-A00080932,ses-VA_ALG,ses-ALGA
sub-A00080942,ses-VA_ALG,ses-ALGA
sub-A00081071,ses-VA_ALG,ses-ALGA
sub-A00081098,ses-VA_ALG,ses-ALGA
sub-A00081103,ses-VA_ALG,ses-ALGA
sub-A00081105,ses-VA_ALG,ses-ALGA
sub-A00081114,ses-VA_ALG,ses-ALGA
sub-A00081123,ses-VA_ALG,ses-ALGA
sub-A00081132,ses-VA_ALG,ses-ALGA
sub-A00081142,ses-VA_ALG,ses-ALGA
sub-A00081149,ses-VA_ALG,ses-ALGA
sub-A00081175,ses-VA_ALG,ses-ALGA
sub-A00081185,ses-VA_ALG,ses-ALGA
sub-A00081239,ses-VA_ALG,ses-ALGA
sub-A00081243,ses-VA_ALG,ses-ALGA
sub-A00081253,ses-VA_ALG,ses-ALGA
sub-A00081402,ses-VA_ALG,ses-ALGA
sub-A00081476,ses-VA,ses-CLGA
sub-A00081479,ses-VA_ALG,ses-ALGA
sub-A00081517,ses-VA_ALG,ses-ALGA
sub-A00081543,ses-VA_ALG,ses-ALGA
sub-A00081544,ses-VA_ALG,ses-ALGA
sub-A00081616,ses-VA_ALG,ses-ALGA
sub-A00081719,ses-VA_ALG,ses-ALGA
sub-A00081721,ses-VA_ALG,ses-ALGA
sub-A00081724,ses-VA_ALG,ses-ALGA
sub-A00081725,ses-VA_ALG,ses-ALGA
sub-A00081727,ses-VA,ses-CLGA
sub-A00081729,ses-VA_ALG,ses-ALGA
sub-A00081734,ses-VA_ALG,ses-ALGA
sub-A00081735,ses-VA_ALG,ses-ALGA
sub-A00081777,ses-VA_ALG,ses-ALGA
sub-A00081780,ses-VA_ALG,ses-ALGA
sub-A00081785,ses-VA_ALG,ses-ALGA
sub-A00081794,ses-VA_ALG,ses-ALGA
sub-A00081846,ses-VA_ALG,ses-ALGA
sub-A00081854,ses-VA_ALG,ses-ALGA
sub-A00081901,ses-VA_ALG,ses-ALGA
sub-A00081962,ses-VA_ALG,ses-ALGA
sub-A00081963,ses-VA_ALG,ses-ALGA
sub-A00082215,ses-VA_ALG,ses-ALGA
sub-A00082216,ses-VA_ALG,ses-ALGA
sub-A00082442,ses-VA_ALG,ses-ALGA
sub-A00082528,ses-VA_ALG,ses-ALGA
sub-A00082529,ses-VA_ALG,ses-ALGA
sub-A00082532,ses-VA_ALG,ses-ALGA
sub-A00082556,ses-VA_ALG,ses-ALGA
sub-A00082563,ses-VA_ALG,ses-ALGA
sub-A00082580,ses-VA_ALG,ses-ALGA
sub-A00082590,ses-VA_ALG,ses-ALGA
sub-A00082619,ses-VA_ALG,ses-ALGA
sub-A00082635,ses-VA_ALG,ses-ALGA
sub-A00082666,ses-VA_ALG,ses-ALGA
sub-A00082672,ses-VA_ALG,ses-ALGA
sub-A00082734,ses-VA_ALG,ses-ALGA
sub-A00082781,ses-VA_ALG,ses-ALGA
sub-A00082804,ses-VA_ALG,ses-ALGA
sub-A00082807,ses-VA_ALG,ses-ALGA
sub-A00082942,ses-VA_ALG,ses-ALGA
sub-A00082945,ses-VA,ses-CLGA
sub-A00082987,ses-VA,ses-CLGA
sub-A00083109,ses-VA_ALG,ses-ALGA
sub-A00083138,ses-VA_ALG,ses-ALGA
sub-A00083142,ses-VA_ALG,ses-ALGA
sub-A00083162,ses-VA_ALG,ses-ALGA
sub-A00083169,ses-VA_ALG,ses-ALGA
sub-A00083171,ses-VA_ALG,ses-ALGA
sub-A00083207,ses-VA_ALG,ses-ALGA
sub-A00083208,ses-VA_ALG,ses-ALGA
sub-A00083389,ses-VA_ALG,ses-ALGA
sub-A00083419,ses-VA_ALG,ses-ALGA
sub-A00083631,ses-VA_ALG,ses-ALGA
sub-A00083687,ses-VA_ALG,ses-ALGA
sub-A00083731,ses-VA,ses-CLGA
sub-A00083847,ses-VA_ALG,ses-ALGA
sub-A00083951,ses-VA,ses-CLGA
sub-A00083952,ses-VA_ALG,ses-ALGA
sub-A00083963,ses-VA_ALG,ses-ALGA
sub-A00083967,ses-VA_ALG,ses-ALGA
sub-A00083982,ses-VA_ALG,ses-ALGA
sub-A00083983,ses-VA_ALG,ses-ALGA
sub-A00084119,ses-VA_ALG,ses-ALGA
sub-A00084901,ses-VA_ALG,ses-ALGA
sub-A00084921,ses-VA_ALG,ses-ALGA
sub-A00084956,ses-VA_ALG,ses-ALGA
sub-A00085052,ses-VA_ALG,ses-ALGA
sub-A00085057,ses-VA_ALG,ses-ALGA
sub-A00085066,ses-VA_ALG,ses-ALGA
sub-A00085406,ses-VA_ALG,ses-ALGA
sub-A00085795,ses-VA,ses-CLGA
sub-A00086748,ses-VA_ALG,ses-ALGA
